id,x,y,z
0,-0.810126582278481,0.3987341772151899,0.08016877637130802
1,-0.7848101265822784,0.4873417721518987,0.1940928270042194
2,-0.8670886075949367,0.5189873417721519,0.310126582278481
3,-0.7742616033755274,0.459915611814346,0.4451476793248945
4,-0.6814345991561181,0.48945147679324896,0.33122362869198313
5,-0.7130801687763713,0.5759493670886076,0.31856540084388185
6,-0.5569620253164557,0.5654008438818565,0.36075949367088606
7,-0.5443037974683544,0.630801687763713,0.29957805907172996
8,-0.5358649789029536,0.7215189873417721,0.3206751054852321
9,-0.4873417721518987,0.7510548523206751,0.31223628691983124
10,-0.45569620253164556,0.820675105485232,0.2869198312236287
11,-0.339662447257384,0.9915611814345991,0.26371308016877637
12,-0.2088607594936709,0.9641350210970464,0.22573839662447256
13,-0.07805907172995781,0.9367088607594937,0.18565400843881857
14,-0.02109704641350211,0.9535864978902954,0.20675105485232068
15,0.035864978902953586,0.9704641350210971,0.22573839662447256
16,0.12658227848101267,0.7763713080168776,0.3270042194092827
17,0.2679324894514768,0.8164556962025317,0.28270042194092826
18,0.3459915611814346,0.7784810126582279,0.310126582278481
19,0.4240506329113924,0.7426160337552743,0.33544303797468356
20,0.4240506329113924,0.7320675105485233,0.29535864978902954
21,0.5316455696202531,0.7215189873417721,0.2974683544303797
22,0.6392405063291139,0.7109704641350211,0.29957805907172996
23,0.7468354430379747,0.7025316455696202,0.29957805907172996
24,0.7362869198312236,0.6054852320675106,0.37763713080168776
25,0.7257383966244726,0.5084388185654009,0.45569620253164556
26,0.8670886075949367,0.47468354430379744,0.1962025316455696
27,0.7848101265822784,0.3059071729957806,0.2890295358649789
28,0.9767932489451476,0.35443037974683544,0.16033755274261605
29,0.8565400843881856,0.2742616033755274,0.09071729957805907
30,0.8945147679324894,0.20042194092827004,0.06751054852320675
31,0.9662447257383966,0.10337552742616034,0.016877637130801686
32,0.7151898734177216,0.06118143459915612,0.05063291139240506
33,0.7025316455696202,-0.029535864978902954,0.17088607594936708
34,1.0,-0.1350210970464135,0.1877637130801688
35,0.8417721518987342,-0.21729957805907174,0.25949367088607594
36,0.7025316455696202,-0.23628691983122363,0.2911392405063291
37,0.8291139240506329,-0.35232067510548526,0.10337552742616034
38,0.7172995780590717,-0.14135021097046413,0.21518987341772153
39,0.7510548523206751,-0.48945147679324896,0.008438818565400843
40,0.7130801687763713,-0.5,0.0
41,0.6603375527426161,-0.5527426160337553,0.06329113924050633
42,0.6772151898734177,-0.630801687763713,0.229957805907173
43,0.6940928270042194,-0.7067510548523207,0.39451476793248946
44,0.6118143459915611,-0.7426160337552743,0.3459915611814346
45,0.5316455696202531,-0.7763713080168776,0.29535864978902954
46,0.3670886075949367,-0.6244725738396625,0.2869198312236287
47,0.38396624472573837,-0.7151898734177216,0.2088607594936709
48,0.4029535864978903,-0.8037974683544303,0.1308016877637131
49,0.29535864978902954,-0.7109704641350211,0.39451476793248946
50,-0.002109704641350211,-0.740506329113924,0.3755274261603376
51,0.056962025316455694,-0.7742616033755274,0.33544303797468356
52,-0.09282700421940929,-0.7637130801687764,0.26582278481012656
53,-0.16033755274261605,-0.7784810126582279,0.3227848101265823
54,-0.22573839662447256,-0.7911392405063291,0.379746835443038
55,-0.2869198312236287,-0.6835443037974683,0.48523206751054854
56,-0.39662447257383965,-0.729957805907173,0.5590717299578059
57,-0.34810126582278483,-0.5126582278481012,0.6160337552742616
58,-0.4177215189873418,-0.4978902953586498,0.6582278481012658
59,-0.4873417721518987,-0.4831223628691983,0.6983122362869199
60,-0.5822784810126582,-0.3755274261603376,0.6350210970464135
61,-0.580168776371308,-0.270042194092827,0.5864978902953587
62,-0.5886075949367089,-0.18143459915611815,0.6118143459915611
63,-0.5970464135021097,-0.09282700421940929,0.6371308016877637
64,-0.5379746835443038,-0.006329113924050633,0.6940928270042194
65,-0.47890295358649787,0.08016877637130802,0.7489451476793249
66,-0.580168776371308,0.2489451476793249,0.7320675105485233
67,-0.5780590717299579,0.24472573839662448,0.7742616033755274
68,-0.6075949367088608,0.4029535864978903,0.6518987341772152
69,-0.5611814345991561,0.46624472573839665,0.620253164556962
70,-0.5379746835443038,0.5527426160337553,0.6054852320675106
71,-0.4767932489451477,0.6244725738396625,0.6033755274261603
72,-0.3881856540084388,0.6329113924050633,0.6413502109704642
73,-0.34810126582278483,0.740506329113924,0.6835443037974683
74,-0.21308016877637131,0.8080168776371308,0.6962025316455697
75,-0.10970464135021098,0.6497890295358649,0.7827004219409283
76,0.010548523206751054,0.6371308016877637,0.8227848101265823
77,0.13291139240506328,0.6265822784810127,0.8628691983122363
78,0.23628691983122363,0.6329113924050633,0.8818565400843882
79,0.339662447257384,0.6413502109704642,0.8987341772151899
80,0.40717299578059074,0.5379746835443038,0.8987341772151899
81,0.5316455696202531,0.5822784810126582,0.9556962025316456
82,0.5253164556962026,0.47890295358649787,0.869198312236287
83,0.5569620253164557,0.4409282700421941,0.8354430379746836
84,0.6033755274261603,0.3459915611814346,0.7869198312236287
85,0.6561181434599156,0.30168776371308015,0.7890295358649789
86,0.6413502109704642,0.189873417721519,0.8417721518987342
87,0.7278481012658228,0.1518987341772152,0.8523206751054853
88,0.7151898734177216,0.02109704641350211,0.8459915611814346
89,0.6919831223628692,0.02531645569620253,0.510548523206751
90,0.5316455696202531,-0.08649789029535865,0.7827004219409283
91,0.580168776371308,-0.17932489451476794,0.7215189873417721
92,0.6286919831223629,-0.270042194092827,0.6582278481012658
93,0.5337552742616034,-0.39451476793248946,0.6244725738396625
94,0.5506329113924051,-0.4219409282700422,0.8438818565400844
95,0.5147679324894515,-0.5063291139240507,0.7257383966244726
96,0.47890295358649787,-0.5886075949367089,0.6054852320675106
97,0.3143459915611814,-0.6286919831223629,0.6729957805907173
98,0.2869198312236287,-0.6561181434599156,0.7974683544303798
99,0.23417721518987342,-0.6687763713080169,0.6666666666666666
100,-0.11392405063291139,-0.5843881856540084,0.759493670886076
101,-0.21308016877637131,-0.5886075949367089,0.8059071729957806
102,-0.26371308016877637,-0.5780590717299579,0.7130801687763713
103,-0.32489451476793246,-0.5864978902953587,0.6919831223628692
104,-0.3924050632911392,-0.4810126582278481,0.70042194092827
105,-0.510548523206751,-0.5337552742616034,0.8607594936708861
106,-0.5717299578059072,-0.379746835443038,0.7911392405063291
107,-0.5886075949367089,-0.31223628691983124,0.9282700421940928
108,-0.4936708860759494,-0.16033755274261605,0.8270042194092827
109,-0.5358649789029536,-0.1350210970464135,0.9725738396624473
110,-0.5253164556962026,-0.029535864978902954,0.9282700421940928
111,-0.5126582278481012,0.07805907172995781,0.8818565400843882
112,-0.5,0.18565400843881857,0.8354430379746836
113,-0.4620253164556962,0.189873417721519,0.7383966244725738
114,-0.4873417721518987,0.2911392405063291,0.7805907172995781
115,-0.5126582278481012,0.39451476793248946,0.8227848101265823
116,-0.4451476793248945,0.4050632911392405,0.8291139240506329
117,-0.37763713080168776,0.4177215189873418,0.8354430379746836
118,-0.310126582278481,0.43037974683544306,0.8417721518987342
119,-0.24050632911392406,0.4430379746835443,0.8459915611814346
120,-0.14767932489451477,0.5843881856540084,0.9008438818565401
121,-0.08860759493670886,0.5675105485232067,0.9767932489451476
122,-0.07805907172995781,0.4978902953586498,1.0864978902953586
123,0.04852320675105485,0.5632911392405063,1.1645569620253164
124,0.14978902953586498,0.3860759493670886,1.0864978902953586
125,0.23628691983122363,0.40717299578059074,1.0147679324894514
126,0.34810126582278483,0.5232067510548524,1.0654008438818565
127,0.45147679324894513,0.44936708860759494,1.1561181434599157
128,-0.06962025316455696,0.3649789029535865,1.1075949367088607
129,0.2468354430379747,0.3059071729957806,1.0696202531645569
130,0.5654008438818565,0.2489451476793249,1.0316455696202531
131,0.5780590717299579,0.16033755274261605,0.9683544303797469
132,0.540084388185654,0.05485232067510549,0.9852320675105485
133,0.5021097046413502,-0.05063291139240506,1.0021097046413503
134,0.5042194092827004,-0.11814345991561181,1.1012658227848102
135,0.5063291139240507,-0.18354430379746836,1.1983122362869199
136,0.42616033755274263,-0.19831223628691982,1.1350210970464134
137,0.4620253164556962,-0.2742616033755274,1.261603375527426
138,0.4873417721518987,-0.3755274261603376,1.2426160337552743
139,0.3670886075949367,-0.4831223628691983,1.1856540084388185
140,0.35232067510548526,-0.46624472573839665,1.0316455696202531
141,0.39029535864978904,-0.6054852320675106,1.0675105485232068
142,0.20675105485232068,-0.5717299578059072,1.1054852320675106
143,0.20675105485232068,-0.679324894514768,1.1139240506329113
144,0.04430379746835443,-0.6603375527426161,1.09915611814346
145,-0.05063291139240506,-0.5949367088607594,1.0337552742616034
146,-0.056962025316455694,-0.45569620253164556,1.1708860759493671
147,-0.23839662447257384,-0.43248945147679324,1.1223628691983123
148,-0.29324894514767935,-0.3860759493670886,1.090717299578059
149,-0.37130801687763715,-0.3206751054852321,1.1561181434599157
150,-0.3818565400843882,-0.04219409282700422,1.2447257383966244
151,-0.3881856540084388,0.010548523206751054,1.3291139240506329
152,-0.510548523206751,0.10970464135021098,1.3333333333333333
153,-0.39451476793248946,0.19831223628691982,1.3544303797468353
154,-0.4767932489451477,0.3037974683544304,1.2151898734177216
155,-0.3860759493670886,0.3059071729957806,1.259493670886076
156,-0.39662447257383965,0.459915611814346,1.2573839662447257
157,-0.350210970464135,0.5147679324894515,1.2784810126582278
158,-0.2974683544303797,0.5464135021097046,1.2974683544303798
159,-0.23417721518987342,0.5021097046413502,1.3860759493670887
160,-0.1350210970464135,0.5590717299578059,1.2721518987341771
161,-0.02109704641350211,0.6160337552742616,1.3143459915611815
162,0.06751054852320675,0.4957805907172996,1.2362869198312236
163,0.12658227848101267,0.35654008438818563,1.3101265822784811
164,0.2869198312236287,0.5084388185654009,1.3565400843881856
165,0.3860759493670886,0.4831223628691983,1.2721518987341771
166,0.4177215189873418,0.3818565400843882,1.251054852320675
167,0.45147679324894513,0.2805907172995781,1.229957805907173
168,0.4092827004219409,0.16666666666666666,1.259493670886076
169,0.4029535864978903,0.0970464135021097,1.3185654008438819
170,0.3987341772151899,0.027426160337552744,1.3776371308016877
171,0.510548523206751,-0.06118143459915612,1.3945147679324894
172,0.48945147679324896,-0.1371308016877637,1.4303797468354431
173,0.46835443037974683,-0.2109704641350211,1.4662447257383966
174,0.37130801687763715,-0.1940928270042194,1.5421940928270041
175,0.31856540084388185,-0.2848101265822785,1.5147679324894514
176,0.2679324894514768,-0.37341772151898733,1.4852320675105486
177,0.25316455696202533,-0.4810126582278481,1.5337552742616034
178,0.1308016877637131,-0.4029535864978903,1.5780590717299579
179,0.05485232067510549,-0.4810126582278481,1.5675105485232068
180,-0.002109704641350211,-0.5,1.5590717299578059
181,-0.10759493670886076,-0.37130801687763715,1.5780590717299579
182,-0.12236286919831224,-0.40717299578059074,1.4852320675105486
183,-0.17088607594936708,-0.37130801687763715,1.5864978902953586
184,-0.2974683544303797,-0.33544303797468356,1.4915611814345993
185,-0.28270042194092826,-0.19198312236286919,1.5738396624472575
186,-0.35654008438818563,-0.15822784810126583,1.5084388185654007
187,-0.43037974683544306,-0.12236286919831224,1.4430379746835442
188,-0.45358649789029537,-0.002109704641350211,1.4556962025316456
189,-0.47468354430379744,0.11814345991561181,1.4683544303797469
190,-0.3227848101265823,0.11181434599156118,1.5548523206751055
191,-0.4050632911392405,0.2721518987341772,1.5021097046413503
192,-0.3691983122362869,0.33544303797468356,1.5949367088607596
193,-0.20675105485232068,0.20464135021097046,1.5253164556962024
194,-0.22573839662447256,0.35864978902953587,1.4852320675105486
195,-0.19198312236286919,0.4430379746835443,1.5506329113924051
196,-0.1371308016877637,0.339662447257384,1.6645569620253164
197,0.014767932489451477,0.39662447257383965,1.6054852320675106
198,-0.006329113924050633,0.4620253164556962,1.5485232067510548
199,0.10759493670886076,0.4810126582278481,1.5569620253164558
200,0.2468354430379747,0.4050632911392405,1.5485232067510548
201,0.3860759493670886,0.33122362869198313,1.5379746835443038
202,0.4240506329113924,0.2679324894514768,1.5316455696202531
203,0.3881856540084388,0.1371308016877637,1.5147679324894514
204,0.32489451476793246,0.09282700421940929,1.4915611814345993
205,0.4641350210970464,0.035864978902953586,1.5168776371308017
206,0.2848101265822785,-0.056962025316455694,1.5527426160337552
207,0.37341772151898733,-0.189873417721519,1.5843881856540085
208,0.4029535864978903,-0.2510548523206751,1.6371308016877637
209,0.4345991561181435,-0.31223628691983124,1.6877637130801688
210,0.29324894514767935,-0.24050632911392406,1.8291139240506329
211,0.2974683544303797,-0.39451476793248946,1.7932489451476794
212,0.23417721518987342,-0.32489451476793246,1.7869198312236287
213,0.08860759493670886,-0.3818565400843882,1.6962025316455696
214,0.002109704641350211,-0.39029535864978904,1.780590717299578
215,-0.010548523206751054,-0.4282700421940928,1.7552742616033756
216,-0.09071729957805907,-0.4008438818565401,1.8565400843881856
217,-0.1940928270042194,-0.339662447257384,1.8333333333333333
218,-0.29535864978902954,-0.3037974683544304,1.9156118143459915
219,-0.29957805907172996,-0.189873417721519,1.7215189873417722
220,-0.350210970464135,-0.09071729957805907,1.8565400843881856
221,-0.41350210970464135,0.002109704641350211,1.7341772151898733
222,-0.4282700421940928,0.046413502109704644,1.7067510548523206
223,-0.4409282700421941,0.09282700421940929,1.6772151898734178
224,-0.26371308016877637,0.10759493670886076,1.7130801687763713
225,-0.4050632911392405,0.3059071729957806,1.7278481012658229
226,-0.26582278481012656,0.2890295358649789,1.8481012658227849
227,-0.3291139240506329,0.4451476793248945,1.8270042194092826
228,-0.26371308016877637,0.4282700421940928,1.7953586497890295
229,-0.19831223628691982,0.41139240506329117,1.7637130801687764
230,-0.06751054852320675,0.39451476793248946,1.7637130801687764
231,-0.004219409282700422,0.39662447257383965,1.9282700421940928
232,0.03375527426160337,0.49156118143459915,1.9430379746835442
233,0.12869198312236288,0.47468354430379744,1.8375527426160339
234,0.16666666666666666,0.35443037974683544,1.7995780590717299
235,0.3270042194092827,0.45147679324894513,1.8628691983122363
236,0.2890295358649789,0.37341772151898733,1.7088607594936709
237,0.25738396624472576,0.25738396624472576,1.7130801687763713
238,0.3333333333333333,0.21518987341772153,1.7573839662447257
239,0.379746835443038,0.14978902953586498,1.8059071729957805
240,0.3628691983122363,0.04008438818565401,1.8185654008438819
241,0.3459915611814346,-0.06751054852320675,1.8312236286919832
242,0.4050632911392405,-0.1540084388185654,1.8755274261603376
243,0.25316455696202533,-0.16666666666666666,1.9493670886075949
244,0.21518987341772153,-0.22362869198312235,1.8459915611814346
245,0.21940928270042195,-0.34177215189873417,1.8966244725738397
246,0.08227848101265822,-0.2616033755274262,2.0253164556962027
247,0.05063291139240506,-0.37763713080168776,1.959915611814346
248,-0.06329113924050633,-0.2869198312236287,2.0527426160337554
249,-0.18565400843881857,-0.2552742616033755,1.9345991561181435
250,-0.22784810126582278,-0.10126582278481013,1.8628691983122363
251,-0.33544303797468356,0.02109704641350211,1.9388185654008439
252,-0.310126582278481,0.1160337552742616,1.9409282700421941
253,-0.2679324894514768,0.43670886075949367,1.9493670886075949
254,-0.22362869198312235,0.3670886075949367,1.9957805907172996
255,-0.17932489451476794,0.29957805907172996,2.040084388185654
256,-0.0970464135021097,0.34177215189873417,2.037974683544304
257,-0.012658227848101266,0.38396624472573837,2.0358649789029535
258,0.0949367088607595,0.35864978902953587,2.0063291139240507
259,0.15611814345991562,0.350210970464135,1.9915611814345993
260,0.21729957805907174,0.34177215189873417,1.9767932489451476
261,0.3755274261603376,0.33544303797468356,1.989451476793249
262,0.37341772151898733,0.18354430379746836,1.9578059071729959
263,0.3649789029535865,0.10337552742616034,1.970464135021097
264,0.35654008438818563,0.023206751054852322,1.9831223628691983
265,0.34810126582278483,-0.05485232067510549,1.9957805907172996
266,0.27637130801687765,-0.1160337552742616,1.9451476793248945
267,0.2974683544303797,-0.23417721518987342,2.0632911392405062
268,0.24050632911392406,-0.29324894514767935,2.021097046413502
269,0.11392405063291139,-0.310126582278481,2.0569620253164556
270,0.03164556962025317,-0.2489451476793249,2.0464135021097047
271,-0.05063291139240506,-0.18565400843881857,2.0337552742616034
272,-0.16033755274261605,-0.26371308016877637,2.151898734177215
273,-0.1962025316455696,-0.18143459915611815,2.1160337552742616
274,-0.22573839662447256,-0.04852320675105485,2.1223628691983123
275,-0.5675105485232067,0.03375527426160337,2.151898734177215
276,-0.350210970464135,0.08860759493670886,2.1371308016877637
277,-0.13291139240506328,0.14556962025316456,2.1202531645569622
278,-0.06540084388185655,0.1962025316455696,2.2869198312236287
279,0.006329113924050633,0.2616033755274262,2.217299578059072
280,0.10337552742616034,0.19198312236286919,2.2046413502109705
281,0.12658227848101267,0.1308016877637131,2.2489451476793247
282,0.14978902953586498,0.07172995780590717,2.2911392405063293
283,0.16033755274261605,-0.04219409282700422,2.3059071729957807
284,0.1729957805907173,-0.1540084388185654,2.320675105485232
285,0.027426160337552744,-0.18143459915611815,2.310126582278481
286,0.0,-0.2552742616033755,2.348101265822785
287,-0.08016877637130802,-0.189873417721519,2.331223628691983
288,-0.0949367088607595,-0.06540084388185655,2.2721518987341773
289,-0.16877637130801687,0.06751054852320675,2.3417721518987342
290,-0.1540084388185654,0.13924050632911392,2.438818565400844
291,-0.1350210970464135,0.20042194092827004,2.3966244725738397
292,-0.016877637130801686,0.2109704641350211,2.4345991561181433
293,0.10970464135021098,0.20464135021097046,2.440928270042194
294,0.14767932489451477,0.1729957805907173,2.4219409282700424
295,0.21940928270042195,0.10548523206751055,2.4008438818565403
296,0.29324894514767935,0.04008438818565401,2.3776371308016877
297,0.28270042194092826,-0.004219409282700422,2.345991561181435
298,0.2721518987341772,-0.1518987341772152,2.329113924050633
299,0.1751054852320675,-0.029535864978902954,2.4156118143459917
300,-0.006329113924050633,-0.15611814345991562,2.49789029535865
301,-0.07172995780590717,-0.07383966244725738,2.521097046413502
302,-0.1350210970464135,0.010548523206751054,2.542194092827004
303,-0.0970464135021097,0.12025316455696203,2.5042194092827006
304,-0.12658227848101267,0.22362869198312235,2.6371308016877637
305,-0.02531645569620253,0.24261603375527427,2.729957805907173
306,0.04008438818565401,0.2552742616033755,2.7531645569620253
307,0.12658227848101267,0.19198312236286919,2.6751054852320677
308,0.22151898734177214,0.08016877637130802,2.689873417721519
309,0.1729957805907173,0.006329113924050633,2.7552742616033754
310,0.08860759493670886,0.023206751054852322,2.789029535864979
311,0.006329113924050633,0.04008438818565401,2.8227848101265822
312,-0.08438818565400844,0.016877637130801686,2.8059071729957807
313,-0.09071729957805907,0.0759493670886076,2.7341772151898733
314,-0.0949367088607595,0.1371308016877637,2.6624472573839664
315,-0.06118143459915612,0.25949367088607594,2.670886075949367
316,0.008438818565400843,0.2489451476793249,2.5928270042194095
317,0.06962025316455696,0.23417721518987342,2.518987341772152
318,0.13291139240506328,0.22151898734177214,2.4451476793248945
319,0.2320675105485232,0.1751054852320675,2.3375527426160336
320,0.24050632911392406,0.08649789029535865,2.242616033755274
321,0.20042194092827004,-0.08438818565400844,2.2468354430379747
322,0.19831223628691982,-0.10759493670886076,2.172995780590717
323,0.10970464135021098,-0.1518987341772152,2.172995780590717
324,0.023206751054852322,-0.1962025316455696,2.170886075949367
325,-0.11392405063291139,-0.14556962025316456,2.149789029535865
326,-0.1877637130801688,-0.17088607594936708,2.217299578059072
327,-0.2468354430379747,-0.029535864978902954,2.160337552742616
328,-0.27637130801687765,0.056962025316455694,2.282700421940928
329,-0.2489451476793249,0.10548523206751055,2.2130801687763713
330,-0.1877637130801688,0.14767932489451477,2.2236286919831225
331,-0.09282700421940929,0.2109704641350211,2.191983122362869
332,0.03375527426160337,0.23628691983122363,2.280590717299578
333,0.09915611814345991,0.18143459915611815,2.1244725738396624
334,0.16877637130801687,0.2510548523206751,2.1223628691983123
335,0.2721518987341772,0.20464135021097046,2.0569620253164556
336,0.34177215189873417,0.1308016877637131,1.9978902953586497
337,0.41350210970464135,0.05907172995780591,1.9388185654008439
338,0.3670886075949367,-0.012658227848101266,1.7911392405063291
339,0.3818565400843882,-0.0970464135021097,1.7172995780590716
340,0.4240506329113924,-0.18143459915611815,1.6814345991561181
341,0.3333333333333333,-0.229957805907173,1.609704641350211
342,0.1940928270042194,-0.23839662447257384,1.580168776371308
343,0.22151898734177214,-0.3438818565400844,1.5970464135021096
344,0.04219409282700422,-0.31856540084388185,1.641350210970464
345,-0.006329113924050633,-0.3818565400843882,1.6033755274261603
346,-0.09071729957805907,-0.33544303797468356,1.5886075949367089
347,-0.1729957805907173,-0.2869198312236287,1.5738396624472575
348,-0.2616033755274262,-0.24050632911392406,1.5843881856540085
349,-0.2742616033755274,-0.1308016877637131,1.4957805907172996
350,-0.4282700421940928,0.11181434599156118,1.4915611814345993
351,-0.3987341772151899,0.1729957805907173,1.3628691983122363
352,-0.4978902953586498,0.2890295358649789,1.3206751054852321
353,-0.43248945147679324,0.34177215189873417,1.3037974683544304
354,-0.39029535864978904,0.37341772151898733,1.4535864978902953
355,-0.31856540084388185,0.41139240506329117,1.3291139240506329
356,-0.2489451476793249,0.47257383966244726,1.358649789029536
357,-0.17932489451476794,0.5021097046413502,1.371308016877637
358,-0.03375527426160337,0.5527426160337553,1.3101265822784811
359,0.03164556962025317,0.37341772151898733,1.2784810126582278
360,0.0970464135021097,0.4092827004219409,1.280590717299578
361,0.16244725738396623,0.4472573839662447,1.2827004219409284
362,0.3270042194092827,0.5126582278481012,1.259493670886076
363,0.32489451476793246,0.35864978902953587,1.1455696202531647
364,0.5063291139240507,0.42616033755274263,1.1139240506329113
365,0.540084388185654,0.3860759493670886,1.0864978902953586
366,0.5759493670886076,0.34810126582278483,1.0590717299578059
367,0.6265822784810127,0.17721518987341772,1.0738396624472575
368,0.4641350210970464,0.14135021097046413,0.9767932489451476
369,0.6244725738396625,0.02109704641350211,0.9831223628691983
370,0.5843881856540084,-0.04219409282700422,0.9810126582278481
371,0.5443037974683544,-0.10337552742616034,0.9789029535864979
372,0.5042194092827004,-0.16455696202531644,0.9767932489451476
373,0.46624472573839665,-0.22573839662447256,0.9725738396624473
374,0.379746835443038,-0.310126582278481,1.0358649789029535
375,0.29324894514767935,-0.39451476793248946,1.09915611814346
376,0.350210970464135,-0.5337552742616034,0.9451476793248945
377,0.21729957805907174,-0.4957805907172996,0.9282700421940928
378,0.16666666666666666,-0.6329113924050633,0.9388185654008439
379,0.06540084388185655,-0.6856540084388185,1.0021097046413503
380,0.010548523206751054,-0.5274261603375527,0.9915611814345991
381,-0.11392405063291139,-0.5210970464135021,0.959915611814346
382,-0.21308016877637131,-0.4873417721518987,0.9177215189873418
383,-0.3270042194092827,-0.540084388185654,1.0084388185654007
384,-0.3649789029535865,-0.3860759493670886,0.9789029535864979
385,-0.44936708860759494,-0.38396624472573837,1.1033755274261603
386,-0.5358649789029536,-0.33544303797468356,1.0928270042194093
387,-0.39029535864978904,-0.22362869198312235,1.0738396624472575
388,-0.39451476793248946,-0.12236286919831224,1.0569620253164558
389,-0.5126582278481012,0.04219409282700422,1.0421940928270041
390,-0.5337552742616034,0.09282700421940929,1.0864978902953586
391,-0.4388185654008439,0.08016877637130802,1.0759493670886076
392,-0.4873417721518987,0.3206751054852321,1.1350210970464134
393,-0.3860759493670886,0.22151898734177214,1.1223628691983123
394,-0.34177215189873417,0.270042194092827,1.0928270042194093
395,-0.29535864978902954,0.3206751054852321,1.0632911392405062
396,-0.2489451476793249,0.37130801687763715,1.0337552742616034
397,-0.24261603375527427,0.4409282700421941,1.0379746835443038
398,-0.23628691983122363,0.5126582278481012,1.0421940928270041
399,-0.22784810126582278,0.5843881856540084,1.0443037974683544
400,-0.02109704641350211,0.6118143459915611,0.9388185654008439
401,0.06540084388185655,0.5780590717299579,0.8586497890295358
402,0.19831223628691982,0.6983122362869199,0.8333333333333334
403,0.14556962025316456,0.6350210970464135,0.79957805907173
404,0.28270042194092826,0.620253164556962,0.6687763713080169
405,0.21308016877637131,0.5,0.6350210970464135
406,0.3755274261603376,0.4831223628691983,0.6624472573839663
407,0.5189873417721519,0.5358649789029536,0.5274261603375527
408,0.5780590717299579,0.45147679324894513,0.6561181434599156
409,0.5063291139240507,0.37130801687763715,0.5210970464135021
410,0.5949367088607594,0.2974683544303797,0.5253164556962026
411,0.6835443037974683,0.22362869198312235,0.5295358649789029
412,0.7109704641350211,0.15611814345991562,0.5928270042194093
413,0.740506329113924,0.08860759493670886,0.6540084388185654
414,0.6413502109704642,-0.04430379746835443,0.6118143459915611
415,0.6729957805907173,-0.20675105485232068,0.7046413502109705
416,0.6983122362869199,-0.31856540084388185,0.5991561181434599
417,0.7236286919831224,-0.4282700421940928,0.49156118143459915
418,0.6329113924050633,-0.37341772151898733,0.4451476793248945
419,0.5738396624472574,-0.47890295358649787,0.6139240506329114
420,0.569620253164557,-0.5527426160337553,0.5232067510548524
421,0.5654008438818565,-0.6265822784810127,0.43248945147679324
422,0.5253164556962026,-0.7426160337552743,0.44936708860759494
423,0.4957805907172996,-0.810126582278481,0.3037974683544304
424,0.40717299578059074,-0.6413502109704642,0.2721518987341772
425,0.3459915611814346,-0.7341772151898734,0.04219409282700422
426,0.21940928270042195,-0.6814345991561181,0.10759493670886076
427,0.10126582278481013,-0.7974683544303798,0.046413502109704644
428,-0.004219409282700422,-0.7974683544303798,0.11814345991561181
429,-0.10759493670886076,-0.7974683544303798,0.189873417721519
430,-0.2109704641350211,-0.7953586497890295,0.2616033755274262
431,-0.2805907172995781,-0.7763713080168776,0.14978902953586498
432,-0.350210970464135,-0.7552742616033755,0.0379746835443038
433,-0.48523206751054854,-0.9177215189873418,0.18354430379746836
434,-0.5949367088607594,-0.7088607594936709,0.24261603375527427
435,-0.5654008438818565,-0.4620253164556962,0.3670886075949367
436,-0.70042194092827,-0.5864978902953587,0.4451476793248945
437,-0.6772151898734177,-0.3881856540084388,0.3649789029535865
438,-0.6856540084388185,-0.40717299578059074,0.22573839662447256
439,-0.6772151898734177,-0.2911392405063291,0.2721518987341772
440,-0.7362869198312236,-0.20042194092827004,0.27637130801687765
441,-0.6118143459915611,-0.08227848101265822,0.5274261603375527
442,-0.6392405063291139,0.04219409282700422,0.339662447257384
443,-0.7468354430379747,0.14556962025316456,0.35443037974683544
444,-0.6603375527426161,0.29957805907172996,0.45147679324894513
445,-0.7531645569620253,0.32489451476793246,0.3755274261603376
446,-0.6983122362869199,0.37341772151898733,0.49156118143459915
447,-0.7046413502109705,0.20675105485232068,0.3080168776371308
448,-0.7552742616033755,0.5738396624472574,0.2869198312236287
449,-0.6012658227848101,0.2088607594936709,0.3291139240506329
450,-0.510548523206751,0.43248945147679324,0.4092827004219409
451,-0.4177215189873418,0.6561181434599156,0.48945147679324896
452,-0.2679324894514768,0.6751054852320675,0.39662447257383965
453,-0.17932489451476794,0.5991561181434599,0.45358649789029537
454,-0.14345991561181434,0.6877637130801688,0.5147679324894515
455,-0.07172995780590717,0.5949367088607594,0.5611814345991561
456,0.05907172995780591,0.6265822784810127,0.5337552742616034
457,0.189873417721519,0.6582278481012658,0.5042194092827004
458,0.2805907172995781,0.5822784810126582,0.5485232067510548
459,0.35654008438818563,0.5611814345991561,0.7067510548523207
460,0.37130801687763715,0.35443037974683544,0.6054852320675106
461,0.46835443037974683,0.42616033755274263,0.6413502109704642
462,0.4050632911392405,0.29957805907172996,0.7151898734177216
463,0.5084388185654009,0.29535864978902954,0.6497890295358649
464,0.6118143459915611,0.29324894514767935,0.5843881856540084
465,0.7172995780590717,0.2911392405063291,0.5189873417721519
466,0.729957805907173,0.20675105485232068,0.47468354430379744
467,0.7426160337552743,0.12236286919831224,0.43037974683544306
468,0.8734177215189873,0.07805907172995781,0.4704641350210971
469,0.7742616033755274,-0.02109704641350211,0.4430379746835443
470,0.9451476793248945,-0.023206751054852322,0.2679324894514768
471,0.7236286919831224,-0.1751054852320675,0.3037974683544304
472,0.8270042194092827,-0.37341772151898733,0.11392405063291139
473,0.7721518987341772,-0.41350210970464135,0.08860759493670886
474,0.6877637130801688,-0.47468354430379744,0.2109704641350211
475,0.6118143459915611,-0.37763713080168776,0.3333333333333333
476,0.6666666666666666,-0.6223628691983122,0.34810126582278483
477,0.6497890295358649,-0.6181434599156118,0.41561181434599154
478,0.4810126582278481,-0.5632911392405063,0.5654008438818565
479,0.43670886075949367,-0.6983122362869199,0.5210970464135021
480,0.21308016877637131,-0.6033755274261603,0.7616033755274262
481,0.22362869198312235,-0.7194092827004219,0.6350210970464135
482,0.08016877637130802,-0.7236286919831224,0.6455696202531646
483,-0.004219409282700422,-0.6413502109704642,0.5063291139240507
484,-0.11392405063291139,-0.6540084388185654,0.5210970464135021
485,-0.27637130801687765,-0.6983122362869199,0.5654008438818565
486,-0.35232067510548526,-0.7130801687763713,0.6497890295358649
487,-0.34177215189873417,-0.5822784810126582,0.4957805907172996
488,-0.5189873417721519,-0.6012658227848101,0.4641350210970464
489,-0.4978902953586498,-0.48523206751054854,0.4240506329113924
490,-0.6139240506329114,-0.4050632911392405,0.41983122362869196
491,-0.6160337552742616,-0.31856540084388185,0.43037974683544306
492,-0.5379746835443038,-0.24261603375527427,0.7658227848101266
493,-0.7911392405063291,-0.13924050632911392,0.44936708860759494
494,-0.6877637130801688,-0.06751054852320675,0.5675105485232067
495,-0.7130801687763713,0.08227848101265822,0.620253164556962
496,-0.6561181434599156,0.22784810126582278,0.6139240506329114
497,-0.7088607594936709,0.3206751054852321,0.6350210970464135
498,-0.6835443037974683,0.30168776371308015,0.4978902953586498
499,-0.7911392405063291,0.3628691983122363,0.5822784810126582
